<application>
  <component name="BaseRefactoringSettings">
    <option name="SAFE_DELETE_WHEN_DELETE" value="$SEATGEEK_SSL_CERT_PINNING$" />
    <option name="RENAME_SEARCH_IN_COMMENTS_FOR_FILE" value="$SEATGEEK_SSL_CERT_PINNING$" />
    <option name="MOVE_SEARCH_FOR_REFERENCES_FOR_FILE" value="$SEATGEEK_SSL_CERT_PINNING$" />
  </component>
  <component name="RefactoringSettings">
    <option name="MOVE_PREVIEW_USAGES" value="$SEATGEEK_SSL_CERT_PINNING$" />
    <option name="MOVE_SEARCH_IN_COMMENTS" value="$SEATGEEK_SSL_CERT_PINNING$" />
    <option name="MOVE_SEARCH_FOR_TEXT" value="$SEATGEEK_SSL_CERT_PINNING$" />
    <option name="INTRODUCE_FIELD_VISIBILITY" value="private" />
    <option name="INTRODUCE_LOCAL_CREATE_FINALS" value="$SEATGEEK_SSL_CERT_PINNING$" />
  </component>
</application>