<application>
  <component name="CodeInsightSettings">
    <option name="selectAutopopupSuggestionsByChars" value="true" />
    <option name="SHOW_PARAMETER_NAME_HINTS_ON_COMPLETION" value="true" />
    <option name="AUTO_POPUP_JAVADOC_INFO" value="true" />
    <option name="COMPLETION_CASE_SENSITIVE" value="2" />
    <option name="SELECT_AUTOPOPUP_SUGGESTIONS_BY_CHARS" value="true" />
    <option name="REFORMAT_ON_PASTE" value="4" />
    <option name="ADD_UNAMBIGIOUS_IMPORTS_ON_THE_FLY" value="true" />
    <EXCLUDED_PACKAGE NAME="android.app.VoiceInteractor.PickOptionRequest.Option" />
    <EXCLUDED_PACKAGE NAME="android.database.Observable" />
    <EXCLUDED_PACKAGE NAME="androidx.work.Logger" />
    <EXCLUDED_PACKAGE NAME="cc.protea.spreedly.Logger" />
    <EXCLUDED_PACKAGE NAME="com.google.android.gms.common.data.DataBufferObserver.Observable" />
    <EXCLUDED_PACKAGE NAME="com.google.android.gms.common.logging.Logger" />
    <EXCLUDED_PACKAGE NAME="com.j256.ormlite.logger.Logger" />
    <EXCLUDED_PACKAGE NAME="com.jakewharton.rxrelay" />
    <EXCLUDED_PACKAGE NAME="com.jakewharton.rxrelay.PublishRelay" />
    <EXCLUDED_PACKAGE NAME="java.security.cert.PKIXRevocationChecker.Option" />
    <EXCLUDED_PACKAGE NAME="java.util.Observable" />
    <EXCLUDED_PACKAGE NAME="java.util.logging.Logger" />
    <EXCLUDED_PACKAGE NAME="okhttp3.logging.HttpLoggingInterceptor.Logger" />
    <EXCLUDED_PACKAGE NAME="rx.Observable" />
    <EXCLUDED_PACKAGE NAME="rx.schedulers.Schedulers" />
  </component>
  <component name="DaemonCodeAnalyzerSettings">
    <option name="SHOW_METHOD_SEPARATORS" value="true" />
  </component>
  <component name="DefaultFont">
    <option name="FONT_SIZE" value="13" />
    <option name="FONT_FAMILY" value="Anonymous Pro" />
    <option name="USE_LIGATURES" value="true" />
    <option name="SECONDARY_FONT_FAMILY" value="Inconsolata-dz" />
  </component>
  <component name="EditorSettings">
    <option name="STRIP_TRAILING_SPACES" value="Whole" />
    <option name="IS_ENSURE_NEWLINE_AT_EOF" value="true" />
    <option name="IS_WHITESPACES_SHOWN" value="true" />
    <option name="IS_CAMEL_WORDS" value="true" />
    <option name="IS_MOUSE_CLICK_SELECTION_HONORS_CAMEL_WORDS" value="$SEATGEEK_SSL_CERT_PINNING$" />
  </component>
  <component name="JetEditorOptions">
    <option name="donTShowConversionDialog" value="true" />
  </component>
  <component name="XmlEditorOptions">
    <option name="insertQuotesForAttributeValue" value="true" />
  </component>
</application>