<application>
  <component name="UpdatesConfigurable">
    <enabledExternalComponentSources>
      <item value="Android SDK" />
    </enabledExternalComponentSources>
    <option name="externalUpdateChannels">
      <map>
        <entry key="Android SDK" value="Stable Channel" />
      </map>
    </option>
    <ignoredBuildNumbers>
      <item value="emulator#28.0.11" />
      <item value="ndk-bundle#18.0.5002713" />
      <item value="183.5153.38.34.5240537" />
      <item value="183.5153.38.34.5256591" />
      <item value="183.5429.30.34.5304277" />
      <item value="183.5429.30.34.5310756" />
    </ignoredBuildNumbers>
    <knownExternalComponentSources>
      <item value="Android SDK" />
    </knownExternalComponentSources>
    <option name="LAST_BUILD_CHECKED" value="AI-201.7223.91.41.6565218" />
    <option name="LAST_TIME_CHECKED" value="1593070532671" />
    <option name="THIRD_PARTY_PLUGINS_ALLOWED" value="true" />
  </component>
</application>